Nama Produk,Harga Produk,Penjual,Kota Toko,Banyaknya Terjual,Rating Produk
Seblak Instan Premium Bangsatria,21000,Foodstocks,Jakarta Selatan,50.0,5.0
Kerupuk Bawang Warna Putih Dan Orange 500Gram Seblak Nasi Uduk Dll - Putih,13250,Distributor-Jaya,Tangerang,100.0,4.8
Kylafood Seblak Cup,14000,Kylafood Jakarta,Jakarta Selatan,250.0,4.9
Seblak Sultan instant,14000,Sultan Meat Shop,Medan,250.0,4.8
Kerupuk Bawang Warna 5 Kg (BALL) Kerupuk Seblak / Kerupuk Mentah / Ker,86300,Distributor Topping Baso Aci,Bandung,6.0,5.0
Kylafood Seblak Rempah Authentik,10965,kylafood,Bandung,3.0,4.9
Kerupuk Mentah 250gr Seblak Mentah,4500,Pedas Gilaa,Surabaya,1.0,5.0
seblak as beton kerupuk pedas daun jeruk isi 250gr viral tik tok,7999,seblak mitoha,Kab. Bandung,11.0,5.0
SEBLAK CAMPUR/MIX CAMPUR KERUPUK SEBLAK JENGKOL /PEDO/BETON/BASRENG NETO 500GRAM PEDAS FOOD,24999,seblak mitoha,Kab. Bandung,100.0,4.7
Kerupuk seblak kering kencur 500gram /seblak kering pedas daun jeruk,28700,oyun kriukzz,Jakarta Barat,1.0,4.9
Seblak Rempah Autentik isi 5 pcs,63000,Kylafood Jakarta,Jakarta Selatan,100.0,4.9
Kerupuk Seblak Rafael Pedas / Seblak Mawar Pedes - Duo Bocil Snack,16000,DUO BOCIL SNACK,Depok,250.0,4.9
Mamafuji - PROMO BUNDLING !!! SEBLAK & BAKSO ACI,38639,Mama Fuji Official,Tangerang,100.0,4.8
Paket Isi 6 Cuanki Instan Lakoca | Batagor Instan | Seblak Basah GFS,93840,Lakoca Official Shop,Cimahi,100.0,4.8
12PCS SEBLAK INSTAN KHAS BANDUNG,30000,Warungceria2020,Kab. Garut,12.0,5.0
KERUPUK SEBLAK RAFAEL PEDAS DAUN JERUK 250GRAM SNACK KILOAN,11000,ajs(ale jaya snack),Jakarta Utara,60.0,4.8
Seblak Instan Pedas Home Made,3500,the Dhecip,Tangerang Selatan,4.0,4.9
"seblak ceker 1 kg pedas daun jeruk, gurih,cemilan bikin nagih",35999,aghniya,Tangerang Selatan,80.0,4.7
1KG SEBLAK BETON RENYAH VIRAL Cemilan,42000,Cemilanku Kaya Bumbu,Kab.Ciamis,30.0,4.9
Kylafood Paket 2 Seblak Cup + 3 Basreng pedas,69500,kylafood,Bandung,19.0,4.6
SEBLAK INSTAN MANG MUSS - LEVEL 10,14999,Seblak Mang Muss,Tasikmalaya,750.0,4.9
Kylafood Mix Fav Selebgram Seblak Original & Batagor kuah,50000,kylafood,Bandung,250.0,4.8
cuanki tahu panjang isi 150 pcs | toping seblak baso aci,33999,CUANKI CULAMETAN,Kab. Garut,50.0,4.9
Kylafood Seblak Original Play,19125,kylafood,Bandung,1.0,4.9
seblak kering kerupuk campur bumbu kacang,15000,abqorycandy,Kab. Bandung,6.0,5.0
Kerupuk Seblak Beton As Kering Cikruh 500 Gr Bumbu Organik Pedas Gurih,26500,kerudung bunga,Cimahi,70.0,4.9
"baso aci, bakso aci, cuanki, seblak instan, boci",8000,baso aci masabi,Jakarta Selatan,2.0,4.8
SAMBAL SEBLAK BY MAMANG RAFAEL ORIGINAL HALAL VIRAALLL,40000,Beauty DELUXE,Jakarta Barat,30.0,4.9
Seblak Kering Bangsatria 170gr (Organik Food Snack Pedas),21000,Foodstocks,Jakarta Selatan,6.0,5.0
Kylafood paket 2 seblak cup + 3 basreng original,69500,kylafood,Bandung,1.0,
Geli Chips - Seblak Kering ( Sebring ) Kerupuk Mawar Pedas Daun Jeruk 50 gr,10200,Foodstocks,Jakarta Selatan,7.0,5.0
cuanki tahu pasung kering toping seblak baso Aci bakso cuanki 50 pcs,15000,Distributor Cuanki dan Seblak,Kab. Bekasi,100.0,4.8
KERUPUK MAWAR TERUNG KECIL 250 GRAM SEBLAK COET COCOL,7500,Pixie By Cynthia,Semarang,80.0,5.0
Kerupuk Seblak Mentah 200gr - Krupuk Oren Matahari Pagi MP - Kemplang,4000,Cuanki_Bandung,Kab. Bandung,90.0,4.9
Kerupuk Roda Warna Warni Kerupuk Mawar Kerupuk Seblak,5000,Pasar Ta Makassar,Makassar,7.0,5.0
Kerupuk jeblay kiloan 1 kg pedas Kerupuk seblak,34000,RIKI STORE 97,Kab. Bogor,9.0,4.7
Snack Benteur Crispy Cemilan Ikan,26500,Gerai Singawada,Kab. Majalengka,30.0,4.7
Kerupuk Rambak Sapi Seven Snack,15000,Pisang Goreng Madu Bu Nanik,Jakarta Barat,1.0,4.9
Emping Manis Pedas Majalengka,18000,Gerai Singawada,Kab. Majalengka,21.0,5.0
Snack Mie Goreng Medan / Kerupuk Mie Goreng Medan,14500,Pisang Goreng Madu Bu Nanik,Jakarta Barat,500.0,4.8
Cemilan Stik Kentang Aghnia Potato Snack,18500,Gerai Singawada,Kab. Majalengka,1.0,5.0
kerupuk seblak bantat kriwil syahrini 250gr oleh oleh bandung,19000,SIMANALAGI-KOSAMBI-BANDUNG,Bandung,100.0,4.9
SEBLAK KERUPUK KEMPLANG,6000,ngenyooh_snack,Kab. Garut,7.0,5.0
"Kerupuk Gelung Mentah 200gr Bahan Seblak, Krupuk, Cemilan, Dll.",5000,Cuanki_Bandung,Kab. Bandung,100.0,4.9
seblak kerupuk bantet kering 75 gram,5000,RIKI STORE 97,Kab. Bogor,90.0,
SEBLAK INSTAN | BASO ACI | CUANKIE KUAH INSTAN,2939,Kairashop_id,Surabaya,70.0,4.2
baso aci paket 12 pcs murah / BASO ACI PAKET 12 PCS MURAH,33000,ismileusa_id,Kab. Bandung,2.0,4.6
Baso Aci Instan Culametan khas Garut,5500,CUANKI CULAMETAN,Kab. Garut,4.0,4.9
Baso Aci Murah Bandung / Bakso aci hot jeletot,2700,ismileusa_id,Kab. Bandung,8.0,4.6
bakso cuanki bandung,30450,UMMU GENDIS FOOD,Depok,750.0,4.9
kerupuk seblak pedas daun jeruk netto 100grm,5300,ADDARSNACK,Kab. Cianjur,50.0,5.0
KERUPUK jablay bantet/SEBLAK MINI PEDAS 250gram,14000,ajs(ale jaya snack),Jakarta Utara,100.0,5.0
Krupuk seblak kencur 500gram,12000,Ummuchasna,Kab. Magelang,60.0,
500GR SEBLAK BETON RENYAH VIRAL Cemilan Pedas,23000,Cemilanku Kaya Bumbu,Kab.Ciamis,30.0,5.0
SEBLAK INSTAN MOMMY,13900,Rav Jaya Display,Kab. Tangerang,1.0,4.8
Gelichips Seblak Kering Sebring Camilan Kerupuk Pedas Combo 4pcs 65 gr,43500,Lidigeli,Kab. Garut,21.0,5.0
KERUPUK PEDAS SEBLAK 250 GR,21013,TOKO KUE MEISYA 2,Jakarta Pusat,60.0,4.9
Kerupuk seblak Mawar / Seblak Rafael / Seblak viral 500 gr - 250 gr,13000,Bintang Snack & Camilan,Semarang,30.0,5.0
Kerupuk Seblak Rempah Cikur,15000,Kerupuk Rempah,Bandung,1.0,
CAP IBU Bumbu Seblak Bandung - Bumbu Masak Instan Premium,38000,Cap Ibu Official Store,Jakarta Timur,60.0,5.0
Kerupuk Seblak Pedas Original,6000,V3 OnSHop,Surabaya,40.0,4.5
"Kerupuk mawar mentah 250gr/500gr/1kg, cocok untuk seblak dan camilan.",17000,Kerupuk Enak 01,Kab. Tangerang,5.0,5.0
Kerupuk Seblak Beton Pedas Gurih 1 kg,75000,YasnackID,Bandung,15.0,5.0
"PAKET MIX 50 TOPING BASO ACI, SEBLAK, DLL",39600,ArfaOnlineShop,Tangerang,7.0,
Gelichips Seblak Kering Gurih isi 260gram - Combo Seblak Kering 4pcs,43500,Lidigeli,Kab. Garut,50.0,5.0
kerupuk seblak pedas 1 kg - 1/2 kg,26500,Bintang Snack & Camilan,Semarang,100.0,5.0
Kylafood Paket 4 Seblak Original 1 Batagor,85875,kylafood,Bandung,1.0,4.9
Cemilan 250GR Krupuk seblak kering Rafael pedas daun jeruk MEGA SNACK (MS),8000,Mega Snack 095,Cimahi,3.0,
KERUPUK SEBLAK MENTAH ANEKA WARNA,13500,jajanangarut19,Jakarta Selatan,500.0,4.8
Cilok Baso Aci Isi 50 Pcs Bahan Seblak,28350,Kulakan Sini Aja,Bekasi,2.0,5.0
[DUS] Indomie Goreng / Kari Ayam Spesial / Ayam Bawang / Soto Mie / Kaldu Ayam / Rendang / Aceh / Geprek / Seblak Jeletot,128000,Yungyungstores,Jakarta Utara,2.0,5.0
SEBLAK KERUPUK BETON / KERUPUK JAAT CIKRUH PEDAS DAUN JERUK 100GR KHAS BANDUNG,9500,snackmama_medan,Medan,2.0,5.0
KERUPUK SEBLAK RAFAEL KERING BANTAT PEDES DAUN JERUK 250gr,18000,AyundaSnack,Bandung,100.0,4.9
kerupuk seblak cikur,15500,U snack,Bogor,30.0,4.8
Kerupuk Seblak Kencur (S) 70gr / Snack Cemilan Camilan Krupuk Pedas,6700,Delish Snacks,Jakarta Barat,40.0,
cuanki CIPET MINI isi 100pcs toping Baso aci cuanki seblak by GAIA (bi,27999,gaiagarut,Kab. Garut,60.0,5.0
KRUPUK / KERUPUK MENTAH / KERUPUK SEBLAK MENTAH 1kg MIE CIPLO,22000,SuperSnacksShop,Kab. Bandung,50.0,5.0
[ENDOSHOPID] 250 Gr Kerupuk Kepang Seblak Cuanki,6000,Endo Shop ID,Kab. Garut,40.0,5.0
Kylafood Mix Pentol Kuah dan Seblak Original,50000,kylafood,Bandung,70.0,4.9
